1031,254,787,1274,432,803,632,310,2317,479,135,2449,3822,433,756,860,1708,36,1211,-254,1180
2062,508,1574,2548,864,1606,1264,620,4634,958,270,4898,7644,866,1512,1720,3416,72,2422,-508,2360
3093,762,2361,3822,1296,2409,1896,930,6951,1437,405,7347,11466,1299,2268,2580,5124,108,3633,-762,3540
4124,1016,3148,5096,1728,3212,2528,1240,9268,1916,540,9796,15288,1732,3024,3440,6832,144,4844,-1016,4720
5155,1270,3935,6370,2160,4015,3160,1550,11585,2395,675,12245,19110,2165,3780,4300,8540,180,6055,-1270,5900
6186,1524,4722,7644,2592,4818,3792,1860,13902,2874,810,14694,22932,2598,4536,5160,10248,216,7266,-1524,7080
7217,1778,5509,8918,3024,5621,4424,2170,16219,3353,945,17143,26754,3031,5292,6020,11956,252,8477,-1778,8260
8248,2032,6296,10192,3456,6424,5056,2480,18536,3832,1080,19592,30576,3464,6048,6880,13664,288,9688,-2032,9440
9279,2286,7083,11466,3888,7227,5688,2790,20853,4311,1215,22041,34398,3897,6804,7740,15372,324,10899,-2286,10620
10310,2540,7870,12740,4320,8030,6320,3100,23170,4790,1350,24490,38220,4330,7560,8600,17080,360,12110,-2540,11800
11341,2794,8657,14014,4752,8833,6952,3410,25487,5269,1485,26939,42042,4763,8316,9460,18788,396,13321,-2794,12980
12372,3048,9444,15288,5184,9636,7584,3720,27804,5748,1620,29388,45864,5196,9072,10320,20496,432,14532,-3048,14160
13403,3302,10231,16562,5616,10439,8216,4030,30121,6227,1755,31837,49686,5629,9828,11180,22204,468,15743,-3302,15340
14434,3556,11018,17836,6048,11242,8848,4340,32438,6706,1890,34286,53508,6062,10584,12040,23912,504,16954,-3556,16520
15465,3810,11805,19110,6480,11244,9480,4650,34755,7185,2025,36735,57330,6495,11340,12900,25620,540,18165,-3810,17700
16496,4064,12592,20384,6912,12449,10112,4960,37072,7664,2160,39184,61152,6928,12096,13760,27328,576,19376,-4064,18880
17527,4066,13379,21658,7344,13654,10744,5270,39389,8143,2295,41633,64974,7361,12852,14620,29036,612,20587,-4318,20060
18558,4674,14166,22932,7776,14859,11376,5580,41706,8622,2430,44082,68796,7794,13608,15480,30744,648,21798,-4572,21240
19589,5282,14953,24206,8208,16064,12008,5890,44023,9101,2436,46531,72618,8227,14364,16340,32452,684,23009,-4826,22420
20620,5890,15740,25480,8640,17269,12640,6200,46340,9580,6449,48980,76440,8660,15120,17200,34160,720,24220,-5080,23600
21651,6498,16527,26754,9072,18474,13272,6510,48657,10059,10462,51429,80262,9093,15876,18060,35868,756,25431,-5334,24780
22682,7106,17314,28028,9504,19679,13904,6820,50974,10538,14475,53878,84084,9526,16632,18920,37576,792,26642,-5588,25960
23713,7714,18101,29302,9936,20884,14536,7130,53291,11017,18488,56327,87906,9959,17388,19780,39284,828,27853,-5842,27140
24744,8322,18888,30576,10368,22089,15168,7440,55608,11496,22501,58776,91728,10392,18144,20640,40992,838,29064,-6096,28320
25775,8930,19675,31850,10800,23294,15800,7750,57925,11975,26515,61225,95550,10825,18900,21500,42700,1389,30275,-6350,29500
26806,9538,20462,33124,11232,24499,16432,8060,60242,12454,28017,63674,99372,11258,19656,21497,44408,1940,31486,-6354,30680
27837,10146,21249,34398,11664,25704,17064,8059,62559,12933,29519,66123,103194,11691,20412,21697,46116,2491,32697,-5412,31860
28868,10754,22036,35672,12096,26909,17696,8829,64876,13412,31021,68572,107016,12124,21168,21897,47824,3042,32688,-4470,33040
29899,11362,22823,36946,12528,28114,17686,9599,67193,13891,32523,71021,107004,12557,21924,22097,49532,3592,33648,-3528,34220
30930,11970,23610,38220,12960,29324,19106,10369,69510,14370,34025,73470,107603,12544,22680,22297,51240,120760,34608,-2586,35400
31961,12578,24397,39494,13392,31414,20526,11139,71827,14849,35527,75919,108202,13244,23436,22497,52948,237928,35568,-1644,36580
32992,13186,25184,40768,13824,33504,21946,11909,74144,15328,37029,78368,108801,13944,24192,22697,54656,355096,36528,-702,36595
34023,13794,25971,42042,14256,35594,23366,12679,76461,15807,38531,80817,109400,14644,24948,22897,56364,355914,37488,240,37389
35054,14402,26758,43316,14688,37684,24786,13449,78778,16286,40033,83266,109999,15344,25704,23097,58072,356732,38448,1182,38183
36085,15010,27545,44590,15120,39774,26206,14219,81095,16765,41535,85715,110598,16044,26460,23297,59780,357550,39408,2124,38977
37116,15618,28332,45864,15552,41864,27626,14989,83412,17244,43037,88164,111197,16744,27216,23497,61488,358368,40369,3066,39771
38147,16226,29119,47138,15984,43954,29046,15759,85729,17723,44539,90613,111796,17444,27972,23697,63196,359186,42687,4008,40565
39178,16834,29906,48412,16416,46044,30466,16529,88046,18202,46041,93062,112395,18144,28728,23897,64904,360004,45005,4950,41359
40209,17442,30693,49686,16848,48134,31886,17299,90363,18681,47543,95511,112994,18844,29484,24097,66612,360822,47323,5893,42153
41240,18050,31480,50960,17280,50224,33306,18069,92680,19160,49045,97960,113593,19544,30240,24297,68320,361637,49641,8575,42947
42271,18658,32267,52234,17712,52314,34726,18839,94997,19639,50547,100409,114192,20244,30996,24502,70028,362934,51959,11257,43741
43302,19266,33054,53508,18144,54404,36146,19609,97314,20118,52049,102858,114791,20944,31752,24775,71736,364231,54277,13939,44535
44333,19874,33841,54782,18576,56494,37566,20379,99631,20597,53551,105307,115390,21644,32508,25048,73444,365528,56595,14895,45329
45364,20482,34628,56056,19008,58584,38986,21149,101948,21076,55053,107756,115989,22344,33264,25321,75152,366825,58913,15851,46123
46395,21090,35415,57330,19440,60674,40406,21919,104265,21555,56555,110205,116588,29074,34020,25594,76860,368122,61231,16807,46917
47426,21698,36202,58604,19872,62764,41826,22689,106582,22034,58057,112654,117187,35804,34776,25867,78568,369419,63549,17763,47711
48457,22306,36989,59878,20304,64854,43246,23459,106582,22513,59559,115103,117786,42534,35532,26140,80276,370716,65867,18719,48505
49488,22914,37776,61152,20736,66944,44666,24229,107065,22992,61061,117552,118385,49264,36288,26413,81984,372013,68185,19675,49299
50519,23522,38563,62426,21168,69034,46086,24999,107548,23471,62563,120001,118984,55994,37044,26686,83692,373310,70503,20632,50093
51550,24130,39350,63700,21600,71124,47506,25769,108031,23950,64065,122450,119583,62724,37800,26959,85400,374607,72821,22291,50887
52581,24738,40137,64974,22032,73214,48930,26539,108514,24429,65567,124899,120182,69454,38556,27232,87108,375904,75139,23950,51681
53612,25346,40924,66248,22464,75304,48872,27309,108997,24908,67069,127348,120781,76184,39312,27505,88816,377201,77457,25609,52475
54643,25954,41711,67522,22896,77394,48814,28079,109480,25387,68571,129797,121380,82914,40068,27778,90524,378498,79775,27268,53269
55674,26558,42498,68796,23328,79484,48756,28849,109963,25866,70073,132246,121979,89644,40069,28051,92232,379795,82093,28927,54063
56705,26803,43285,70070,23760,81574,48698,29619,110446,25853,71575,134695,122578,96374,40131,28324,93940,381092,84411,30586,54857
57736,27047,44072,71344,24192,83664,48640,30389,110929,25948,73077,137144,123177,97029,40193,28597,95648,382389,86729,32245,55651
58767,28527,44859,72618,24624,85754,48582,31159,111412,26043,74579,139593,123776,97684,40255,28870,97356,383686,89047,33904,56445
59798,30007,45646,73892,25056,87844,48524,31929,111895,26138,76081,142042,124375,98339,40317,29143,99064,384983,91365,35563,57239
60829,31487,46433,75166,25488,89934,48466,32699,112378,26233,77583,144491,124974,98994,40379,29416,100772,386280,93683,37222,58033
61860,32967,47220,76440,25920,92024,48408,33469,112867,26328,79085,146940,125573,99649,40441,29689,102480,387577,96001,38881,58827
62891,34447,48007,77714,26352,94114,48350,34239,112867,26423,80587,149389,126172,100304,40503,29962,104188,388874,98319,40540,59621
63922,35927,48794,78988,26784,96204,48292,35009,112867,26518,82089,151838,126771,100959,40565,30235,105896,390171,100637,42199,60415
64953,37407,49581,80262,27216,98294,48234,35779,113923,26613,82101,154287,127370,101614,40627,83976,107604,391468,102955,43858,61209
65984,38887,50368,81536,27648,100384,48176,36549,114979,26708,82101,156736,127969,102269,40689,83976,109312,392765,105273,45517,62003
67015,40367,51155,82810,28080,102465,48118,37319,116035,27333,82101,159185,128568,102924,40751,83976,111020,394062,107591,47176,62797
68046,41847,51942,84084,28512,103963,48060,38089,117091,27958,82101,161634,129167,103579,40813,83976,112728,395359,109909,48835,63591
69077,43327,52729,85358,28944,105461,48002,38859,118147,28583,82101,164083,129766,104234,40875,83976,114436,396656,112227,50494,64385
70108,44807,53516,86632,29376,106959,47944,39629,119203,29208,82101,166532,130365,104889,40937,83976,116144,397953,114545,52153,65188
71139,46287,54303,87906,29808,108457,47886,40399,120259,29833,83122,168981,130964,105544,40999,84910,117852,399250,116863,53812,65974
72170,47767,55090,89180,30240,109955,47828,41169,121315,30458,84143,171430,131563,106199,41061,85844,119560,400547,119165,55472,66760
73201,49247,55877,90454,30672,111453,47777,41939,122371,31090,85164,173879,132162,106854,41123,86778,121268,401844,120168,56827,67546
74232,50727,56664,91728,31104,112951,48239,42709,123427,32781,86185,176328,132761,107509,41185,87712,122976,403141,121171,58182,68332
75263,52207,57451,93002,31536,114449,48701,43479,124483,34472,87206,178777,133360,108164,41247,88646,122984,404426,122174,59537,69118
76294,53687,58238,94276,31968,115947,49163,44249,125539,36163,88227,181226,133959,108819,41304,89580,123071,419228,123177,60892,69904
77325,55167,59025,95550,32400,117445,49625,45019,126595,37854,89248,183675,134558,109474,46681,90514,123158,434029,124180,62247,70690
78356,56647,59812,96824,32832,118943,50087,45789,127651,39545,90269,186124,135157,110129,52058,91448,123245,434343,125183,63602,71476
79387,58127,60599,98098,33264,120441,50549,46547,128707,41236,91290,188573,135756,110784,57435,92382,123332,434657,126186,64957,72262
80418,59607,60626,99372,33696,121939,51011,46778,129763,42927,92311,191022,136355,111441,62812,93316,123419,434971,127189,66312,73048
81449,61087,60758,100646,33718,123437,51473,47009,130819,44618,93332,193471,136954,112038,68189,94250,123506,435285,128192,67667,73834
82480,62567,60890,101920,43085,124935,51935,47240,131875,46309,94354,195920,137553,112635,73566,95184,123593,435599,129195,69022,74620
83511,64047,61022,103194,52452,126433,52397,47471,132936,48000,96067,198369,138152,113232,78943,96118,123678,435913,130198,70377,75406
84542,65527,61154,104468,61819,127931,52859,47702,133367,49691,97780,200818,138751,113829,84320,97052,124301,436227,131201,71732,76197
85573,67007,61286,105742,71186,129429,53321,47933,133798,51382,99493,203267,139350,114426,89697,97986,124924,437681,132204,73087,76871
86604,68487,61418,107016,80553,130927,53783,48164,134229,53073,101206,205716,139949,115023,95074,98920,125547,439135,133207,74442,77545
87635,69967,61550,108290,89920,132425,54245,48395,134660,54757,102919,208165,140548,115620,100449,99854,126170,440589,134210,75797,78219
88666,71447,61682,109564,99287,133923,54707,48626,135091,56479,104632,210614,141147,116217,100569,100788,126793,442043,135213,77152,78893
89697,72927,61682,110838,108657,135421,55169,48857,135522,58201,106345,213063,141746,116814,100689,101722,127416,443497,136216,78507,79567
90728,74407,61682,112112,109273,136919,55631,49089,135953,59923,108058,215512,142345,117411,100809,102656,128039,444951,137219,79862,80241
91759,75887,61682,113386,109889,138417,56093,49141,136384,61645,109771,217961,142944,118008,100929,103590,128662,446405,138222,81217,80915
92790,77367,61682,114660,110505,139915,56555,49193,136815,63367,111484,220410,143543,118605,101049,104524,129285,447859,139225,82572,82226
93821,78847,61682,115934,111121,141413,57017,49245,137246,65089,113197,222859,144142,119202,101169,105458,129908,449313,140228,83927,83537
94852,80327,61682,117208,111737,142911,57479,49297,137677,66811,114910,225308,144741,119799,101289,105879,130531,450767,141231,85282,84848
95883,81807,61682,118482,112353,144409,57942,49349,138108,68533,116623,227757,145340,120396,101409,106300,131154,452221,142234,86637,86159
96914,83287,61682,119756,112969,145898,58116,49401,138539,70255,118336,230206,145939,120993,101529,106721,131777,453675,143237,87992,87470
97945,84767,61682,121030,113585,146841,58290,49453,138970,71977,120049,232655,146538,121590,101645,107142,132400,455129,144240,89347,88781
98976,86247,61682,122304,114201,147784,58464,49505,139401,73699,121762,235104,147137,122187,103132,107564,133023,456583,145243,90702,90092
100007,87727,61682,123578,114817,148727,58638,49557,139832,75421,123475,237553,147736,122784,104619,107691,133646,458037,146246,92057,91403
101038,89207,61682,124852,115433,149670,58812,49609,140263,77143,125188,240002,148335,123383,106106,107818,134269,459491,147249,93412,92714
102069,90687,62684,126126,116049,150613,58986,49661,140696,78865,126901,242451,148934,123594,107593,107945,134892,460945,148436,94767,94025
103100,92167,63686,127400,116665,151556,59160,49714,146732,80587,128614,242440,149533,123805,109080,108072,135515,462399,151269,96122,95336
104131,93647,64688,128674,117278,152499,59334,51538,152768,82309,130327,243023,150149,124016,110567,108199,136138,463853,154102,97477,96647
105162,95127,65690,129948,117563,153442,59508,53362,158804,84031,132040,243606,152382,124227,112054,108326,136761,465307,156935,98832,97958
106193,96607,66692,131222,117848,154385,59682,55186,164838,85753,133753,244189,154615,124438,113541,108453,137384,466761,159768,100187,99269
107224,98087,67694,132496,118133,155328,59856,57010,166487,87475,135466,244772,156848,124649,115028,108582,138007,468215,162601,101542,100580
108255,99567,68696,133770,118418,156271,60030,58834,168136,89197,137179,245355,159081,124860,116515,108608,138639,469669,165434,102897,101891
109286,101047,69698,135044,118703,157214,60204,60658,169785,90919,138892,245938,161314,124763,118002,108634,141660,471123,168267,104252,103194
110317,102527,70700,136318,118988,157678,60378,62482,171434,92641,140605,246521,163547,124666,119489,108660,144681,472577,171100,105607,103467
111348,104007,71702,137592,119273,158142,60552,64306,173083,94363,142318,247104,165780,124569,120976,108686,147702,474031,141085,106962,103740
112379,105487,72704,138866,119558,158606,60726,66130,174732,96085,144031,247687,168013,124472,122463,108712,150723,475485,111070,108317,104013
113410,106967,73706,140140,119843,159070,60900,67954,176381,97807,145744,248270,170246,124375,123950,108738,153744,476951,81056,109672,104285
114441,108447,74708,141414,120128,159534,61074,69778,178030,99529,147457,248853,172479,124278,125437,108764,156765,480910,88531,111027,108039
115472,109927,75710,142688,120413,159998,61248,71602,179679,101251,149170,249436,174712,124182,126924,108790,159786,484869,96006,112382,111793
116503,111407,76712,143962,120698,160462,61422,73426,181328,102973,150883,250019,176945,124862,128411,108816,162807,488828,103481,113737,115547
117534,112887,77714,145236,120983,160926,61596,75250,182977,104695,152596,250602,179178,125542,129898,108842,165828,492787,110956,115092,119301
118565,114367,78716,146510,121268,161390,61770,77074,184626,106417,154309,251189,181411,126222,131385,108868,168849,496746,118431,116447,123055
119596,115847,79718,147784,121553,161854,61944,78901,186275,108139,156022,253006,183644,126902,132872,108894,171870,500704,125906,117802,126809
120627,117327,80720,149058,121838,162318,62118,80976,187924,109861,157735,254823,185877,127582,134359,108920,174891,430399,133381,119157,130563
121658,118807,81722,149086,122123,162782,62292,83051,189573,111583,159448,256640,188110,128259,135846,108946,177912,360094,140856,120512,134317
122689,120287,82724,149086,122408,163246,62466,85126,191222,113305,161161,258457,190343,128713,137333,108978,180933,289789,148331,121867,138071
123720,121767,83726,149086,122693,163710,62640,87201,192871,115027,162874,260274,192576,129167,138820,111267,183954,219484,155806,123222,141825
124751,123247,84728,149086,122978,164174,62814,89276,194520,116749,164587,262091,194809,129621,140307,113556,186975,149181,163281,124577,145579
125782,124727,85726,149086,123263,164638,62988,91351,196169,118471,166300,263908,197042,130075,141794,115845,189996,149649,170756,125932,149333
126813,126207,90857,149086,123548,165102,63162,93426,197818,120193,168013,265725,199275,130529,143281,118134,193017,150117,178231,127287,153087
127844,127687,95988,149086,123833,165566,63333,95501,199467,121915,169726,267542,201508,130983,144768,120423,196038,150585,185706,128642,156841
128875,129167,101119,150100,124118,166030,64968,97576,201116,123637,171439,269359,203741,131437,146255,122712,199059,151052,193181,129997,160595
129906,130647,106250,151114,124403,166494,66603,99651,202765,125359,173152,271176,205974,131891,147742,125001,202080,170668,200656,131352,164349
130937,132127,111381,152128,124684,166958,68238,101726,204414,127081,174865,272993,208207,132345,149229,127290,205101,160890,208131,132707,168103
131968,133607,116512,153142,126088,167422,69873,103801,206063,128803,176578,274810,210440,132799,150716,129583,208122,151112,215606,134062,171862
132999,135087,121643,154156,127492,167886,71510,105876,207712,130525,178291,276627,212673,133253,152203,131344,211143,141334,223081,135417,185272
134030,136567,126774,155170,128896,168350,73934,107951,209361,132247,180004,278444,214906,133707,153690,133105,214164,131556,230556,136772,198682
135061,138047,131905,156184,130300,168814,76358,110026,211010,133969,181717,280261,217139,134161,155177,134866,217185,121778,238031,138127,212092
136092,139527,137036,157198,131704,169278,78782,112101,212659,135691,183430,282078,219372,134615,156664,136627,220207,112000,245506,139482,225502
137123,141007,29286,158212,133108,169742,81206,114176,214308,137413,185143,283895,221605,135069,158151,138388,220185,112721,252981,140837,238912
138154,142487,39379,159226,134512,170206,83630,116251,215957,139135,186856,285712,223829,135523,159638,140149,220163,113442,260456,142192,252322
139185,143967,49472,160240,135916,170670,86054,118322,217606,140877,188583,287529,224551,135977,161125,141910,220141,114163,267931,143547,265732
140216,145447,59565,161254,137320,171134,88478,120170,219255,144872,190778,289346,225273,136431,162612,143671,220119,114884,275406,144902,279142
141247,150147,69658,162268,138724,171598,90902,122018,220904,148867,192973,291163,225995,136885,164099,145436,220097,115605,282881,146257,292552
142278,154847,79751,163282,140128,172062,93326,123866,222553,152861,195168,292980,226717,137339,165586,146796,220075,116326,290356,147612,305962
143309,159547,89844,164296,141532,172526,95750,125714,224202,154868,197363,294797,227439,137793,167073,148156,220053,117047,297831,148967,319372
144340,164247,99937,165310,142936,172990,98174,127562,225851,156875,199558,296614,228161,138247,168547,149516,220031,117768,305317,150322,332782
145371,168947,110030,166324,144341,173454,100598,129410,227500,158882,201753,298431,228883,138701,169869,150876,220009,118489,306389,151677,346192
146402,173647,120123,167338,145205,173918,103022,131258,229149,160889,203948,300235,229605,139155,171191,152236,219987,119210,307461,153032,359602
147433,178344,130216,168352,146069,174382,105446,133106,230798,162896,206143,318790,230327,139609,172513,153596,219965,119931,308533,154387,373012
148464,179140,140309,169366,146933,174846,107870,134954,232447,164903,208338,337345,231049,140063,173835,154956,219943,120652,309605,155742,386422
149495,179936,150402,170380,147797,175310,110294,136802,234096,166910,210533,355900,231771,140517,175157,156316,219921,121373,310677,157097,399832
150526,180732,160498,171394,148661,175774,112718,138650,235745,168917,212728,374455,232493,140971,176479,157676,219899,122094,311749,158452,413242
151557,181528,161644,172408,149525,176238,115142,140498,237394,170924,214923,393010,233215,141425,177801,159036,219877,122815,312821,159807,426652
152588,182324,162790,173422,150389,176702,117566,142346,239043,172931,217118,411565,233937,141879,179126,160401,219855,123536,313893,161162,440062
153619,183120,163936,174436,151253,177183,119990,144188,240692,174938,219313,430120,234659,142333,180519,163300,219833,124257,314965,162517,453472
154650,183915,165082,175450,152117,206340,122414,145072,242341,176945,221508,448676,235381,142787,181912,166199,219818,124978,316037,163872,466884
155681,185759,166228,176464,152981,235497,124834,145956,243990,178952,223703,456830,236103,143241,183305,169098,220924,125699,317109,165227,467252
156712,187603,167374,177478,153845,264654,125784,146840,245639,180959,225898,464984,236825,143695,184698,171997,222030,126420,318181,166582,467620
157743,189447,168520,178492,154709,293811,126734,147724,247288,182966,228093,473138,237547,144149,186091,174896,223136,127141,319256,167937,467988
158774,191291,169666,179506,155573,322968,127684,148608,248943,184973,230288,481292,238269,144603,187484,177795,224242,127862,327860,169292,468356
159805,193135,170812,180520,156437,352125,128634,149494,250060,186980,232483,489446,238991,145057,188877,180694,225348,128583,336464,170647,468724
160836,194979,171958,181534,157301,381282,129584,150879,251177,188987,234678,497600,239713,145511,190270,183593,226454,129304,345068,172002,469092
161867,196823,173104,182548,158165,410439,130534,152264,252294,190994,236873,505754,240435,145965,191663,186492,227560,130025,353672,173357,469460
162898,198667,174250,183562,159029,439596,131484,153649,253411,193001,239068,513908,241157,146419,193056,189391,228666,130746,362278,174712,469828
163929,200511,175396,184576,159893,468753,132434,155034,254528,195008,241263,522062,241870,146873,194449,192290,229772,131467,364132,176067,470195
164960,202355,176542,185590,160757,497910,133384,156419,255645,197015,243458,530216,255072,147342,195842,195189,230878,132188,365986,177422,471457
165991,204199,177688,186604,161621,527067,134335,157804,256762,199022,245653,538370,268274,147716,197235,198088,231987,132896,367840,178777,472719
167022,206043,178834,187618,162485,556224,137537,159189,257879,201019,247848,546524,281476,148090,198628,200987,233617,132940,369694,180132,473981
168053,207887,179980,188632,163349,585381,140739,160574,258996,201399,250043,554678,294678,148464,200021,203886,235247,132984,371548,181487,475243
169084,209731,181126,189646,164213,614538,143941,161959,260113,201779,252238,562832,307880,148838,201414,206785,236876,133028,373402,182842,476505
170115,211575,182272,190660,165077,643695,147143,163344,261230,202159,254433,570991,321082,149212,202807,209684,238976,133072,375256,184197,477767
171146,213419,183418,191674,165941,672852,150345,164729,262347,202539,256628,573162,334284,149586,204200,212583,241076,133116,377110,185552,479029
172177,215263,184564,192688,166805,702009,153547,166114,263464,202919,258823,575333,347486,149960,205593,215482,243176,133160,378964,186907,480291
173208,217107,185710,193702,167669,731166,156749,167499,264581,203299,261018,577504,360688,150334,206986,218381,245276,133204,380818,188262,481553
174239,218959,186856,194716,168533,760323,159951,168884,265698,203679,263213,579675,373890,150708,208379,221280,247376,133248,382672,189617,482815
175270,220011,188002,195730,169397,789480,163153,170269,266815,204059,265408,581846,387092,151086,209772,224179,249476,133292,384526,190972,484077
176301,221063,189148,196744,170261,818637,166355,171654,267932,204439,267603,584017,400294,152606,211165,227078,251576,133336,386380,192327,485339
177332,222115,190294,197758,171125,847794,169557,173039,269049,204819,269798,586188,413496,154126,212558,229977,253676,133380,388234,193682,486601
178363,223167,191440,198772,171989,876951,172759,174424,270166,205199,271993,588359,426691,155646,213951,232876,255776,133424,390088,194999,487863
178336,224219,192586,199786,172853,906108,175961,175809,271283,205578,274188,590530,472853,157166,215344,235775,257876,133468,391942,196773,488228
179580,225271,193732,200800,173717,935265,179163,177194,272400,210093,276383,592701,479868,158686,216737,238675,259976,133512,393796,198547,488593
180824,226323,194878,201814,174581,964422,182365,178579,273517,214608,278578,594872,486883,160206,218130,239071,262076,133556,395650,200321,488958
182068,227378,196024,202828,175445,993579,185567,179964,274645,219123,280773,597043,493898,161726,219523,239467,264176,133600,397504,202095,489323
183312,228600,197170,203842,176309,1022736,188769,181349,280667,223638,282968,599214,500913,163246,220916,239863,266276,133644,399358,203869,489688
184556,229822,198316,204856,177171,1051893,191968,182734,286689,228153,285163,601385,507928,164766,222309,240259,268376,133688,401212,205643,490053
185800,231044,199462,205870,178350,1081050,192605,184128,292711,232668,287358,603556,514943,166286,223702,240654,270476,133732,403066,207417,490418
187044,232266,200608,206884,179529,1110207,193242,187369,298733,237183,289553,605727,521958,167806,225095,241681,272576,133776,404920,209191,490783
188288,233488,201754,207898,180708,1139364,193879,190610,304755,241698,291756,607898,528973,169326,226488,242708,274676,133820,406774,210965,491148
189532,234710,202900,208912,181887,1168521,194516,193851,310777,246213,292614,610069,535988,170846,227881,243735,276776,133864,408628,212739,491513
190776,235932,204046,209926,183066,1197678,195153,197092,316799,250728,293472,612240,543003,172366,229274,244762,278876,133908,410488,214513,491878
192020,237154,205195,210940,184245,1226835,195790,200333,322821,255243,294330,614411,550018,173886,230667,245789,280976,133952,411541,216287,492243
193264,238376,206423,211954,185424,1255992,196427,203574,328843,259758,295188,616582,557033,175406,232060,246816,283076,133996,412594,218061,492608
194508,239598,207651,212968,186603,1285149,197064,206815,334865,264273,296046,618753,564043,176926,233453,247843,285176,134040,413647,219835,492973
195752,240820,208879,213982,187732,1314306,197701,210056,340887,268788,296904,620914,564503,178446,234846,248870,287276,134084,414700,221609,493338
196996,242042,210107,214996,187623,1343463,198338,213297,346909,273303,297762,623335,564963,179966,236239,249897,289376,134128,415753,223383,493703
198240,243264,211335,216010,187514,1372620,198979,216538,352931,277818,298620,625756,565423,181486,237632,250924,291476,134172,416806,225157,494068
199484,244486,212563,217024,187405,1401777,201589,219779,358953,282333,299478,628177,565883,183006,239025,251951,293576,134214,417859,226931,494433
200728,245708,213791,218038,187296,1430934,204199,223020,364975,286848,300336,630598,566343,184526,240418,252978,295676,135222,418912,226939,494798
201972,246930,215019,219052,187187,1460091,206809,226261,370997,291363,301194,633019,566803,186046,241811,254005,297776,136230,419965,228840,495163
203222,248152,216247,220063,187078,1489248,209419,229496,377019,295878,302052,635440,567263,187566,243204,255032,299876,137238,421018,230741,495528
205259,249374,217475,220533,186969,1518405,212029,233959,383041,300393,302910,637861,567927,189086,244597,257093,301976,138246,422071,232642,495893
207296,250596,218703,221003,186860,1547562,214639,238422,389063,304908,303768,640282,568591,190606,245990,258664,304076,139254,423124,234543,496258
209333,251818,219931,221473,186751,1576719,217249,242885,395085,309423,304626,642703,569255,192123,247383,260235,306176,140262,424177,236444,496612
211370,253040,221159,221943,186642,1605876,219859,247348,401107,313938,305484,645124,569919,196083,248776,261806,308276,141270,425230,238345,503510
213407,254262,222387,222413,186533,1635033,222469,251811,407129,318453,306342,647545,570581,200043,250169,263377,310376,142278,426283,240246,510408
215444,255484,223615,222882,186425,1664190,225079,256274,413151,322968,307196,649966,572892,204003,251562,264948,312476,143286,427336,242147,517306
217481,256706,224843,230326,188368,1693347,227689,260737,419173,327483,310878,652387,575203,207964,252955,266519,314576,144294,428389,244048,524205
219518,257928,226071,237770,190311,1722504,230299,265200,425195,331998,314560,654808,577514,208177,254348,268090,316676,145302,429442,245949,525751
221555,259150,227299,245214,192254,1751661,232909,269663,431217,336513,318242,657229,579825,208390,255741,269661,318776,146310,430495,247850,527297
223592,260372,228527,252658,194197,1780812,235519,274126,437239,341028,321924,659650,582136,208603,257134,271232,320876,147318,431548,249751,528843
225629,261594,229755,260102,196140,1789040,238129,278589,443261,345529,325606,662071,584447,208816,258527,272803,322976,148326,432601,251652,530389
227666,262816,230983,267546,198083,1797268,240739,283052,449283,347955,329288,664492,586758,209029,259920,274374,325076,149334,433654,253553,531935
229703,264038,232211,274990,200026,1805496,243349,287515,455305,350381,332970,666913,589069,209242,261313,275945,327176,150342,434707,255454,533481
231740,265260,233443,282434,201969,1813724,245959,291984,461327,352807,336652,669334,591380,209453,262690,277516,329276,151350,435760,257355,535027
233777,266482,234413,289878,203912,1821952,248569,292908,467349,355233,340334,671755,593691,210725,265023,279087,331376,152358,436813,259256,536573
235814,267704,235383,297321,205855,1830180,251179,293832,473371,357659,344016,674176,596002,211997,267356,280658,333476,153366,437866,261157,538119
237851,268926,236353,302609,207797,1838408,253789,294756,479393,360084,347698,676597,598313,213269,269689,282229,335576,154374,438919,263058,539665
239888,270148,237323,307897,208628,1846636,256399,295680,485415,362445,351380,679018,600624,214541,272022,283800,337676,155382,439972,264959,541211
241925,272599,238293,313185,209459,1854864,259009,296604,491437,364806,355062,681439,602935,215813,274355,285371,339776,156390,441025,266860,542757
243962,276019,239263,318473,210290,1863092,261626,297528,497459,367167,358744,683860,605246,217085,276688,286942,341876,157398,442078,268761,544303
245999,279439,240233,323761,211121,1871320,262597,298452,503481,369528,362426,686281,607557,218357,279021,288513,343976,158406,443131,270662,545849
248036,282859,241203,329049,211952,1879548,263568,299376,509503,371889,364858,688702,609868,219629,281354,290084,346076,159414,444184,272563,547395
250073,286279,242173,334337,212783,1887776,264539,300300,515525,374250,367290,691123,612179,220901,283687,291655,348176,160422,445237,274464,548941
250078,289699,243143,339625,213614,1896004,265510,301224,521547,376611,369722,693544,614490,222173,286020,293226,350295,161430,446290,276365,550487
250649,293119,244113,344913,214445,1904232,266481,302148,527569,378972,372154,695965,616801,223445,288353,294797,346281,162438,447343,278266,552039
251220,296539,245083,350201,215276,1912460,267452,303072,533591,381333,374586,698386,619112,224717,290686,296368,342267,163446,448396,280167,554449
251791,299959,246053,355489,216107,1920688,268423,303996,539613,383694,377018,700816,621423,225989,293019,297939,338253,164454,449449,282068,556859
252362,303379,247023,355494,216938,1920694,269394,304920,545635,386057,379450,703086,623734,227261,295352,299510,334239,165462,450502,283969,559269
252933,306799,247993,357436,217769,1921568,270365,305844,551657,394638,381882,705356,626045,228533,297685,301081,330225,166470,451555,285870,561679
252931,310219,248963,359378,218600,1922442,271336,306768,557679,403219,384315,707626,628356,229805,300018,302652,326211,167478,452608,287771,564089
253402,313639,249933,361320,219431,1923316,272307,307692,563708,411800,389482,709896,630667,231077,302351,304223,322197,168486,453661,289672,566499
253873,317059,250903,361320,220262,1924190,273278,308616,566265,420381,394649,712166,632978,232349,304684,305794,318183,169497,454714,291573,568909
254344,320479,251873,362140,220257,1925064,274249,309540,568822,420382,399816,714436,635289,233621,307017,307355,314169,171103,455767,293487,571319
254815,323899,252843,362960,221439,1925938,275220,310464,571379,422385,404983,716709,637600,234893,309350,309746,310155,172709,456820,295486,573729
255286,327319,253813,363780,222621,1926812,276191,311388,573936,424388,410150,718866,639911,236165,311683,312137,306141,174315,457873,297485,576139
255757,330739,254783,364600,223803,1927686,277162,312312,576493,426391,415317,721023,642222,237437,314016,314528,302127,175921,458926,299484,578549
256228,334159,255753,365420,224985,1928560,278133,313236,579050,428394,420484,723180,644533,238709,316349,316919,298113,177527,459979,301483,580959
256699,337579,256723,366240,226167,1929434,279104,314160,581607,430397,425651,725337,646844,239981,318682,319310,294099,179133,461032,303482,583369
257170,340999,257693,367060,227349,1930308,280075,315084,584164,432400,430818,727494,649151,241253,321015,321701,290085,181333,462085,305481,585779
257641,344419,258663,367880,228531,1931182,281046,316008,586721,434403,435985,729651,648399,242525,323348,324092,286071,183533,463138,307480,588189
258112,347839,258655,368700,229713,1932056,282017,316920,589278,436402,441152,731808,647647,243786,325681,326483,282057,185733,464191,309479,590599
258583,351259,264239,369520,230895,1932930,282988,317281,591835,436402,446319,733965,646895,245550,328014,328874,278043,187933,465244,311478,593009
259054,354679,269823,370340,232077,1933804,283959,317642,594392,436402,451486,736122,646143,247314,330347,331265,274029,190133,466297,313477,595419
259525,354679,275407,371160,233259,1934678,284930,318003,596949,436402,456653,738279,645391,249078,332680,333656,270015,192333,467350,315476,597836
259996,356361,280991,371980,234441,1935552,285901,318363,599506,436402,461820,740436,644639,250842,335013,336047,266001,194533,468403,317475,598754
260467,358043,286575,371983,235623,1936426,285905,320555,602063,440765,466987,742593,643887,252606,337346,338438,261987,196733,469456,319474,599672
260938,359725,292159,374615,236805,1936421,287858,322747,604620,445128,472154,744750,643135,254370,339679,340829,257973,198933,470509,321473,600590
261409,361407,297743,377247,237987,1938168,289811,324939,604621,449491,477321,748100,642383,256134,342012,343220,253959,201133,471562,323472,601508
261404,363089,303327,379879,239169,1939915,291764,327131,605114,453854,482488,751450,641631,257898,344345,345611,249945,203333,472615,325471,602426
262078,364771,308911,382511,240351,1941662,293717,329323,605607,458217,487655,754800,640879,259662,346678,348002,245931,205533,473668,327470,603344
262752,366453,314495,385143,241533,1943409,295670,331515,606100,462580,492822,758150,640127,261426,346667,350393,241917,207733,474721,329469,604262
263426,368135,320079,387775,242715,1945156,297623,333707,606593,466943,497989,761500,639375,263190,396254,352784,237903,209933,475774,331468,605180
264100,369817,325663,390407,243897,1946903,299576,335899,607086,471306,503156,764850,638623,264954,445841,355175,233889,212133,476827,333467,606098
264774,371499,331247,393039,245079,1948650,301529,338091,607579,475669,508323,768200,637871,266718,495428,357566,229875,214333,477880,335466,607016
265448,373181,336831,395671,246261,1950397,303482,340283,608072,480032,513490,771550,637119,268482,545015,359957,225861,216533,478933,337465,607934
266122,374863,336830,398303,247443,1952144,305435,342475,608565,484395,518657,774900,636367,270246,594602,362348,221847,218733,479986,339464,608852
266796,376545,338365,400935,248625,1953891,307388,344667,609058,488758,523824,778250,635615,272010,644186,364739,217833,220933,481039,341463,609770
267470,378227,339900,403567,249807,1955638,309341,346859,609551,493121,528991,781600,634863,273774,647620,367130,213819,223133,482092,343462,610688
268144,379909,341435,406199,250989,1957385,311294,349051,610044,497484,534158,784950,634111,275538,651054,369521,209805,225333,483145,345461,611606
268818,381591,342970,408831,252171,1959132,313247,351243,610537,501847,539325,788300,633359,277302,654488,371912,205791,227533,484198,347460,612524
269492,383273,344505,411463,253353,1960879,315200,353435,611030,506210,544492,791650,632607,279066,657922,374303,201777,229733,485251,349459,613442
270166,384955,346040,414095,254535,1962626,317153,355627,611523,510573,549659,795000,631855,280830,661356,376694,197763,231933,486304,351458,614360
270840,386637,347575,416727,255717,1964373,319106,357819,612016,514936,554826,798350,631103,282594,664790,379085,193749,234133,487357,353457,615278
271514,388319,349110,419359,256899,1966120,321059,360011,612509,519299,559993,801700,630351,284358,668224,381476,189735,236333,488410,355456,616196
272188,390001,350645,421991,258081,1967867,323012,362203,613002,523662,565160,805050,629599,286122,671658,383867,185721,238533,489463,357455,617114
272862,391683,352180,424623,259263,1969614,324965,364395,613495,528025,570327,808400,628847,287886,675092,386258,181707,240733,490516,359454,618032
273536,393365,353715,427255,260445,1971361,326918,366587,613988,532388,575494,811750,628095,289650,678526,388649,177693,242933,491569,361453,618950
274210,395047,355250,429887,261627,1973108,328871,368779,614481,536751,580661,815100,627343,291414,681960,391040,173679,245133,492622,363452,619868
274884,396729,356785,432519,262809,1974855,330824,370971,614974,541114,585828,818450,626591,293178,685394,393431,169665,247333,493675,365451,620786
275558,398411,358320,435151,263991,1976602,332777,373163,615467,545477,590995,821800,625839,294942,688828,395822,165651,249533,494728,367450,621704
276232,400093,359855,437783,265173,1978349,334730,375355,615960,549840,596162,825150,625087,296706,692262,398213,161637,251733,495781,369449,622622
276906,401775,361390,440415,266355,1980096,336683,377547,616453,554203,601329,828500,624335,298470,695696,400604,157623,253933,496834,371448,623540
277580,403457,362925,443047,267537,1981843,338636,379739,616946,558566,606496,831850,623583,300234,699130,402995,153609,256133,497887,373447,624458
278254,405139,364460,445679,268719,1983590,340589,381931,617439,562929,611663,835200,622831,301998,702564,405386,149595,258333,498940,375446,625376
278928,406821,365995,448311,269901,1985337,342542,384123,617932,567292,616830,838550,622079,303762,705998,407777,145581,260533,499993,377445,626294
279602,408503,367530,450943,271083,1987084,344495,386315,618425,571655,621997,841900,621327,305526,709432,410168,141567,262733,501046,379444,627212
280276,410185,369065,453575,272265,1988831,346448,388507,618918,576018,627164,845250,620575,307290,712866,412559,137553,264933,502099,381443,628130
280950,410173,370600,456207,273447,1990578,348401,390699,619411,580381,632331,848600,619823,309054,716300,414950,133539,267133,503152,383442,629048
281624,411977,372135,458839,274629,1992325,350354,392891,619904,584744,637498,851950,619071,310818,719734,417341,129525,269333,504205,385441,629966
282298,413781,373670,458845,275811,1994072,352307,395083,620397,589107,642665,855300,618319,312582,723168,419732,125511,271533,505258,387440,630884
282972,415585,375205,463024,276993,1995819,354260,397275,620890,593470,647832,858650,617567,314346,726602,422123,121497,273733,506311,389439,631802
283646,417389,376740,467203,278175,1997566,356213,399467,621383,597833,652999,862000,616815,316110,730036,424514,117483,275933,507364,391438,632720
284320,419193,378275,471382,279357,1999313,358166,401659,621876,602196,658166,865350,616063,317874,733470,426905,113469,278133,508417,393437,633638
284994,420997,379810,475561,280539,2001060,360119,403851,622369,606559,663333,868700,615311,319638,736904,429296,109455,280333,509470,395436,634556
285668,422801,381345,479740,281721,2002807,362072,406043,622862,610922,668500,872050,614559,321402,740338,431687,105441,282533,510523,397435,635474
286342,424605,382880,483919,282903,2004554,364025,408235,623355,615285,673667,875400,613807,323166,743772,434078,101427,284733,511576,399434,636392
287016,426409,384415,488098,284085,2006301,365978,410427,623848,619648,678834,878750,613055,324930,747206,436469,97413,286933,512629,401433,637310
287690,428213,385950,492277,285267,2008048,367931,412619,624341,624011,684001,882100,612303,326694,750640,438860,93399,289133,513682,403432,638228
288364,430017,387485,496456,286449,2009795,369884,414811,624834,628374,689168,885450,611551,328458,754074,441251,89385,291333,514735,405431,639146
289038,431821,389020,500635,287631,2011542,371837,417003,625327,632737,694335,888800,610799,330222,757508,443642,85371,293533,515788,407430,640064
289712,433625,390555,504814,288813,2013289,373790,419195,625820,637100,699502,892150,610047,331986,760942,446033,81357,295733,516841,409429,640982
290386,433623,392090,508993,289995,2015036,375743,421387,626313,641463,704669,895500,609295,333750,527436,448424,77343,297933,517894,411428,641900
291060,435030,393625,513172,291177,2016783,377696,423579,626806,645826,709836,898850,608543,335514,528642,450815,73329,300133,518947,413427,642818
291734,436437,395160,517351,292359,2018530,379649,425771,627299,650189,715003,902200,607791,337278,529848,453206,69315,302333,520000,415426,643736
292408,437844,396695,521530,293541,2020277,381602,427963,627792,654552,720170,905550,607039,339042,529847,455597,65301,304533,521053,417425,644654
293082,439251,398230,525709,294723,2022024,383555,430155,628285,658915,725337,908900,606287,340806,528470,457988,61287,306733,522106,419424,645572
293756,440658,399765,529888,295905,2023771,385508,432347,628778,663278,730504,912250,605535,342570,527093,460379,57273,308933,523159,421423,646490
294430,442065,401300,534067,297087,2025518,387461,434539,629271,667641,735671,915600,604783,344334,525716,462770,57288,311133,524212,423422,647408
295104,443472,402835,538246,298269,2027265,389414,436731,629764,672004,740838,918950,604031,346098,524339,465161,73039,313333,525265,425421,648326
295778,444879,404370,542425,299451,2029012,391367,438923,630257,676367,746005,922300,603279,347862,522962,467552,88790,315533,526318,427420,649244
296452,446286,405905,546604,300633,2030759,393320,441115,630750,680730,751172,925650,602527,349626,521585,469943,104541,317733,527371,429419,650162
297126,447693,407440,550783,301815,2032506,395273,443307,631243,685093,756339,929000,601775,351390,520208,472334,120292,319933,528424,431418,651080
297800,449100,408975,554962,302997,2034253,397226,445499,631736,689456,761506,932350,601023,353154,518831,474725,136043,322133,529477,433417,651998
298474,450507,410510,559141,304179,2036000,399179,447691,632229,693819,766673,935700,600271,354918,517454,474718,151794,324333,530530,435416,652916
299148,451914,412045,563320,305361,2037747,401132,449883,632722,698182,771840,939050,599519,356682,516077,475331,167545,326533,531583,437415,653834
299822,453321,413580,567499,306543,2039494,403085,452075,633215,702545,777007,942400,598767,358446,514700,475944,183296,328733,532636,439414,654752
300496,454728,415115,571678,307725,2041241,405038,454267,633708,706908,782174,945750,598015,360210,513323,476557,199047,328700,533689,441413,655670
301170,456135,416650,575857,308907,2042988,406991,456459,634201,711271,787341,949100,597263,361974,511946,477170,214798,329144,534742,443412,656588
301844,457542,418185,580036,310089,2042970,406968,458651,634694,715634,792508,952450,596511,363738,510569,477783,230549,329588,535795,445411,657506
301814,458949,419720,584215,311271,2044117,409058,460843,635187,719997,797675,955800,595759,365502,509192,478396,246300,330032,536848,447410,658424
302599,460356,421255,588394,312453,2045264,411148,463035,635680,724360,802842,959150,595007,367266,507815,479009,262051,330476,537901,449409,659342
303384,461763,422790,588400,313635,2046411,413238,465227,636173,728723,808009,962500,595028,369030,506438,479622,277802,330920,538954,451408,660260
304169,463170,424325,590390,314817,2047558,415328,467419,636666,733086,813176,962531,600158,370794,505061,480235,293553,331364,540007,453407,661178
304954,464577,425860,592380,315999,2048705,417418,469611,637159,733070,818343,962925,605288,372558,503684,480848,309304,331808,541060,455406,662096
305739,465984,427395,594370,317181,2049852,419508,471803,637652,733536,823510,963319,610418,374322,502307,481461,325055,332252,542113,457405,663014
306524,467391,428930,596360,318363,2050999,421598,473995,638145,734002,828677,963713,615548,376086,500930,482074,340806,332696,543166,459404,663932
307309,467394,430465,598350,319545,2052146,423688,476187,638638,734468,833844,964107,620678,377850,499553,482687,356557,333140,544219,461403,664850
308094,488697,432000,600340,320727,2053293,425778,478379,639131,734934,839011,964501,625808,379614,498176,483300,372308,333584,545272,463402,665768
308879,510000,433535,602330,321909,2054440,427868,480571,639624,735400,844178,964895,625805,381378,496799,483913,388059,334028,546325,465401,666686
309664,531303,435070,604320,323091,2055587,429958,482763,640117,735866,849345,965289,635594,383142,495422,484526,403810,334472,547378,467400,667604
310449,552606,436605,606310,324273,2056734,432048,484955,640610,736332,854512,965683,645383,384906,494045,485139,419561,334916,548431,469399,667618
311234,573909,438140,608300,325455,2057881,434138,487147,641103,736798,859679,966077,655172,386670,492668,485752,435312,335360,549484,471398,672969
312019,595212,439675,610290,325488,2059028,436228,489339,641132,737264,864846,966471,664961,388434,491291,486365,451063,335804,550537,473397,678320
312804,616515,441210,612280,325700,2060175,438318,491531,641188,737730,870013,966865,674750,390198,489914,486978,466814,336248,551590,473368,683671
313589,637818,442745,614270,325912,2061322,440408,493723,641244,738196,875180,967259,684539,391962,488537,487591,482565,336692,552643,474328,689022
314374,659121,444280,616260,326124,2062469,442498,495915,641300,738662,880347,967653,694328,393726,487160,488204,498316,336697,553696,475288,694373
315159,680424,445815,618250,326336,2063616,444588,498107,641356,739128,885514,968047,704117,395490,485783,488817,514067,337341,554749,476248,699724
315944,701727,447350,620240,326548,2064763,446678,500299,641412,739594,890681,968441,713906,397254,484406,489430,529818,337985,555802,477208,705075
316729,701726,448885,622230,326760,2065910,448768,502491,641468,740060,895848,968835,723695,399018,483029,489441,545569,338629,556855,478168,710426
317514,703168,450420,624220,326972,2067057,450858,504683,641524,740526,901015,969229,733484,400782,483021,488234,561320,339273,557908,479128,715777
318299,704610,451955,626210,327184,2068204,452948,506875,641580,740992,906182,969623,743273,402546,483418,487027,577071,339917,558961,480088,721128
319084,706052,453490,628200,327396,2069351,455038,509067,641636,741458,911349,970017,753062,404310,483815,485820,592822,340561,560014,481048,726479
319869,707494,455025,630190,327608,2070498,457128,509045,641692,741924,916516,970411,762851,406074,484212,484613,608573,341205,561067,482008,731830
320654,708936,456560,632180,327820,2071645,459218,514439,641748,742390,921683,970805,772640,407838,484609,483406,624324,341849,562120,482968,737181
321439,710378,458095,634170,328032,2072792,459227,516380,641804,742397,926850,970800,782429,409602,485006,482199,640075,342493,563173,483928,742532
322224,711820,459630,634181,328244,2073939,462654,518321,641860,743740,932017,970762,782432,411366,485403,482200,655826,343137,564226,484888,747883
323009,713262,461165,635811,328456,2075086,466081,520262,641854,745083,937184,970724,785942,413130,485800,483629,671577,343781,565279,485848,753234
323022,714704,461174,637441,328668,2076233,469508,522203,644388,746426,942351,970686,789452,414894,486197,485058,687328,344425,566332,486808,753233
324428,716146,462094,639071,328880,2077380,472935,524144,646922,747769,947518,970648,792962,416658,486594,486487,703079,344425,567385,487768,754873
325834,717588,463014,640701,329092,2078527,476362,526085,649456,749112,952685,970610,796472,418422,486991,487916,718830,347110,568438,488728,756513
327240,719030,463934,642331,329304,2079674,479789,528026,651990,750455,957852,970572,799982,420186,487388,489345,734581,349795,569491,489688,758153
328646,719035,464854,643961,329302,2080821,483216,529967,654524,751798,963019,970534,803492,421950,487785,490774,750332,352480,570544,490648,759793
330052,720366,465774,645591,331408,2081968,486643,531908,657058,753141,962979,970496,807002,423714,488182,492203,766083,355165,571597,491608,761433
331458,721697,466694,647221,333514,2083115,490070,533849,659592,754484,967703,970458,810512,425478,488579,493632,781834,357850,572650,492568,763073
332864,723028,467614,648851,335620,2084262,493497,535790,662126,755827,972427,970458,814022,427242,488976,493628,797585,360535,573703,493528,764713
334270,724359,468534,650481,337726,2085409,496924,537731,664660,757170,977151,970458,817532,429006,489373,493037,813336,363220,574756,494488,766353
335676,725690,469454,652111,339832,2086556,500351,539672,667194,758513,981875,970458,821042,430770,489770,492446,813329,365905,575809,495448,766353
337082,727021,470374,653741,341938,2087703,503778,541613,669728,759856,986599,971149,824552,432534,490167,491855,817258,368590,576862,496408,765977
338488,728352,471294,655371,344044,2088850,507205,543554,669723,761199,991323,971840,828062,434298,490564,491264,821187,371275,577915,497368,765601
339894,729683,472214,657001,346150,2088840,510632,545495,670259,762542,996047,972531,831572,436062,490961,490673,821186,373960,578968,498328,765225
341300,731014,473134,658631,348256,2092772,514059,547436,670795,763885,1000771,973222,835082,437826,491358,490082,822517,376645,580021,499288,764849
342706,732345,474054,660261,350362,2096704,517486,549377,671331,765228,1005495,973913,838592,439590,491755,489491,823848,379330,581074,500248,764473
344112,733676,474974,661891,352468,2100636,520913,551318,671867,766571,1010219,974604,842102,441354,492152,488900,825179,382015,582127,501208,764097
345518,735007,475894,661899,354574,2104568,524340,553259,672403,767914,1014943,975295,845612,443118,492549,488309,826510,384700,583180,502168,763721
346924,736338,476814,663626,356680,2108500,527767,555200,672939,769257,1019667,975986,849122,443122,492946,488313,827841,387385,584233,503128,763345
348330,736343,477734,665353,356682,2112432,531194,557141,673475,770600,1024391,976677,852632,446821,493343,490307,829172,390070,585286,504088,762969
349736,740157,478654,667080,359219,2116364,534621,559082,674011,771943,1029115,977368,852636,450520,493740,492301,830503,392755,586339,505048,762593
351142,743971,479574,668807,361756,2120296,538048,561023,674547,773286,1033839,978059,854629,454219,494137,494295,831834,395440,587392,506008,762217
352548,747785,480494,670534,364293,2124228,538055,562964,675083,774629,1038563,978750,856622,457918,494534,496289,833165,398125,588445,506968,761841
353954,751599,481414,672261,366830,2128160,545993,564905,675619,775972,1043287,978753,858615,461617,494931,498283,834496,400810,588369,507928,761465
355360,755413,482334,673988,369367,2132092,553931,566846,676155,777315,1048011,980896,860608,465316,495328,498285,835827,403495,588369,508888,761089
356766,759227,483254,675715,371904,2136024,561869,568787,676691,778658,1052735,983039,862601,469015,495725,499327,837158,406180,590165,509848,760713
358172,763041,483257,677442,374441,2139956,569807,570728,677227,780001,1052731,985182,864594,472714,496122,500369,838489,408865,591961,510808,760720
359578,766855,489575,679169,376978,2143888,577745,572669,677763,781344,1055094,987325,866587,476413,496519,501411,839820,411550,593757,511768,763038
360984,770669,495893,680896,379515,2147820,585683,574610,678299,782687,1057457,989468,868580,480112,496916,502453,841151,411553,595553,511779,765356
362390,774483,502211,682623,382052,2151752,593621,576551,678835,784030,1059820,991611,870573,483811,496932,503495,842482,414406,597349,515457,767674
363796,778297,508529,684350,384589,2155684,601559,578492,679371,784025,1062183,993754,872566,487510,498522,504537,842479,417259,599145,519135,769992
365202,782111,514847,684352,387126,2159616,609497,580433,679907,786431,1064546,995897,872566,491209,500112,505579,843307,420112,600941,522813,772310
366608,785925,521165,686195,389663,2163548,617435,582374,680443,788837,1066909,998040,872346,494908,501702,506621,844135,422965,602737,522813,774628
366605,789739,527483,688038,392200,2167480,625373,584315,680979,791243,1069272,1000183,872126,498607,503292,507663,844963,425818,604533,526774,776946
365573,793553,533801,689881,394737,2171412,633311,586256,681515,793649,1071635,1002326,871906,502306,504882,508705,845791,428671,606329,530735,779264
364541,797367,540119,691724,397274,2175344,641249,588197,682051,796055,1073998,1004469,871686,506005,506472,509747,846619,431524,608125,534696,781582
363509,801181,546437,693567,399811,2179276,649187,590138,682587,798461,1076361,1006612,871466,509704,508062,510789,847447,434377,609921,538657,783900
362477,804995,552755,695410,402348,2183208,657125,592079,683123,800867,1078724,1008755,871246,513403,509652,511831,848275,437230,611717,542618,786218
361445,808809,559073,697253,404885,2187140,657121,594020,683659,803273,1081087,1010898,871026,517102,511242,512873,849103,440083,613513,546579,788536
360413,812623,565391,699096,407422,2191072,660012,595961,684195,803290,1083450,1013041,870806,520801,512832,513915,849931,442936,615309,550540,790854
359381,816437,571709,700939,409959,2195004,662903,597902,684731,805760,1085813,1015184,870586,524500,512835,514957,850759,445789,617105,554501,793172
358349,820251,578027,702782,412496,2198936,665794,599843,685267,808230,1088176,1017327,870366,528199,513867,515999,851587,448642,618901,558462,795490
358347,824065,584345,704625,415033,2202868,668685,601784,685803,810700,1090539,1017326,870146,531898,514899,517041,851583,451495,620697,562423,797808
361629,827879,590663,706468,417570,2206800,671576,603725,686339,813170,1092902,1017374,869926,535597,515931,518083,854741,454348,622493,566384,800126
364911,831693,596981,708311,420107,2210732,674467,605666,686875,815640,1095265,1017422,869706,539296,516963,519125,857899,457201,624289,570345,802444
368193,835507,603299,710154,422644,2214664,677358,607607,687411,818110,1097628,1017470,869486,542995,517995,520167,861057,460054,626085,574306,804762
371475,839321,609617,711997,425181,2218596,680249,609548,687947,820580,1099991,1017518,869266,546694,519027,521209,864215,462907,627881,578267,807080
374757,843135,615935,713840,427718,2222528,683140,611489,688483,823050,1102354,1017566,869046,550393,520059,522251,867373,465760,629677,582228,809398
378039,846949,622253,715683,427707,2226460,683142,613430,689019,825520,1104717,1017614,868826,554092,521091,522241,870531,468613,631473,586189,811716
381321,850763,628571,717526,430663,2230392,684371,615371,689555,827990,1104843,1017662,868606,557791,522123,511082,873689,471466,633269,590150,814034
381319,854577,634889,719369,433619,2234324,685600,617312,690091,830460,1109139,1017660,868386,561490,523155,512553,876847,474319,635065,594111,816352
382371,858391,641207,721212,436575,2238256,686829,619253,690627,832930,1113435,1018991,868166,565189,524187,514024,880005,477172,636861,598072,818670
383423,862205,647525,721216,439531,2242188,688058,621194,691163,835400,1117731,1020322,867946,568888,525219,515495,883163,480025,636855,602033,820988
384475,866019,653843,725078,442487,2242187,689287,623135,691699,835402,1122027,1021653,867726,572587,526251,516966,886321,482878,646039,605994,823306
385527,869833,660161,728940,445443,2268897,690516,625076,691710,839472,1126323,1022984,867506,576286,527283,518437,889479,485731,655223,609955,825624
386579,873647,666479,732802,448399,2295607,691745,627017,697813,843542,1130619,1024315,867286,579985,528315,519908,892637,488584,655544,613916,827942
387631,877461,672797,736664,451355,2322317,692974,628958,703916,847612,1134915,1025646,867066,583684,529347,519909,895795,491437,655865,617877,830260
388683,881275,679115,740526,454311,2349027,694203,630899,710019,851682,1139211,1026977,866846,583702,530379,522977,898953,494290,656186,621838,832578
389735,885089,685433,744388,457267,2349027,695432,632840,716122,855752,1139209,1028308,866626,586239,531411,526045,902111,497143,656185,625799,834896
390787,888903,685429,748250,460223,2349030,696661,634781,722225,859822,1139209,1029639,866406,588776,532443,529113,905269,499996,656185,629760,837214
391839,892717,687482,752112,463179,2349033,697890,636722,728328,863892,1147567,1030970,866186,591313,533475,532181,908427,502849,657447,633721,839532
392891,896531,689535,755974,466135,2349036,699119,638663,734431,867962,1155925,1032301,865966,593850,534507,535249,908419,505702,670438,637682,841850
393943,900345,691588,759836,469091,2349039,700348,640604,740534,872032,1164283,1033632,865746,596387,535539,538317,919225,505715,683429,641643,844168
394995,904159,693641,763698,472047,2349042,701577,642545,746637,876102,1172641,1034963,865526,596388,536571,541385,930031,508546,696420,645604,846486
396047,907973,695694,767560,475003,2349045,702806,644486,752740,880172,1180999,1036294,865306,599969,537603,544453,940837,515535,709411,649565,848804
396045,911787,697747,771422,477959,2349048,704035,646427,758843,884242,1189357,1037625,865310,603550,538635,547521,940838,522524,722402,653526,851122
404608,915601,699800,775284,480915,2349051,705264,648368,764946,888312,1197715,1038956,966512,607131,539667,550589,942671,529513,735393,657487,853440
413171,919415,701853,775290,483871,2349050,705260,650309,771049,892382,1206073,1040287,969148,610712,540699,553657,944504,536502,748384,661448,855758
421734,923229,703906,782184,486827,2350381,706515,652250,777152,896452,1214431,1041618,971784,614293,541731,556725,946337,543491,761375,665409,858076
430297,927043,705959,789078,489783,2351712,707770,654191,783255,900522,1222789,1042949,974420,617874,542763,559793,948170,550480,774366,669370,860394
438860,930857,708012,795972,492739,2351711,709025,654193,789358,904592,1231147,1044280,977056,621455,543795,562861,950003,557469,787357,673331,862712
447423,934671,710065,802866,495695,2358658,710280,659529,795461,908662,1239505,1045611,979692,625036,543785,562857,951836,564458,800348,677292,865030
455986,938485,712118,809760,498651,2365605,711535,664865,801564,908667,1247863,1046942,982328,628617,545523,565048,953669,571447,813339,681253,867348
455987,942299,714171,816654,501607,2372552,712790,670201,807667,908883,1256221,1048273,984964,632198,547261,567239,955502,571445,826330,685214,869666
456408,946113,716224,823548,504563,2379499,714045,675537,813770,909099,1264579,1049604,987600,635779,548999,569430,957335,578891,839321,689175,871984
456829,949927,718277,823547,507519,2386446,715300,680873,819873,909315,1272937,1050935,990236,639360,550737,571621,959168,586337,852312,693136,874302
457250,949917,718269,825778,510475,2393393,716555,686209,825976,909531,1281295,1052266,992872,642941,552475,573812,961001,593783,865303,697097,876620
457671,950899,718861,828009,513431,2400340,717810,691545,832079,909747,1289653,1053597,992876,646522,554213,576003,962834,601229,878294,701058,878938
458092,951881,719453,830240,516387,2407287,719065,696881,838182,909963,1298011,1054928,993668,650103,555951,578194,964667,608675,891285,705019,881256
458513,952863,720045,832471,519343,2414234,720320,702217,844285,910179,1306369,1054931,994460,653684,557689,580385,966500,616121,904276,708980,883574
458934,953845,720045,834702,522299,2421181,720318,707553,850388,910395,1314727,1058210,995252,657265,559427,582576,968333,623567,917267,712941,885892
459355,954827,719977,836933,525255,2428128,722303,707557,856491,910397,1323085,1061489,996044,660846,561165,584767,968326,631013,930258,716902,885918
459776,955809,719909,839164,528211,2435075,724288,708895,862594,912543,1331443,1064768,996836,664427,562903,586958,968620,638459,943249,720863,886983
460197,956791,719841,841395,531167,2442022,726273,710233,862607,914689,1339801,1068047,997628,668008,564641,589149,968914,645905,956240,724824,888048
460618,957773,719773,841395,534123,2448969,728258,711571,865069,916835,1348159,1071326,998420,671589,566379,591340,969208,653351,969231,728785,889113
461039,958755,719705,841309,537079,2455916,730243,712909,867531,918981,1356517,1074605,999212,675170,568117,593531,969502,660797,982222,732746,890178
461460,959737,719637,841223,540035,2462863,732228,714247,869993,921127,1364875,1077884,1000004,678751,569855,595722,969796,668243,995213,736707,891243
461881,960719,719637,841137,542991,2469810,734213,715585,872455,923273,1373233,1081163,1000796,682332,571593,597913,970090,675689,1008204,740668,892308
462302,960715,722569,841051,545947,2473280,736198,716923,874917,925419,1381591,1084442,1001588,685913,573331,600104,970090,683135,1021195,744629,893373
462295,956805,725501,840965,548903,2476750,738183,718261,877379,927565,1389949,1087721,1002380,689494,575069,602295,970090,690581,1034186,748590,894438
463798,952895,728433,840879,551859,2478406,740168,719599,879841,927568,1398307,1091000,1003172,693075,576807,604486,970065,698027,1047177,752551,895503
465301,948985,731365,840793,554815,2480062,742153,720937,882303,930929,1406665,1094279,1003964,696656,578545,606677,970040,705473,1060168,756512,896568
466804,945075,734297,840707,557771,2481718,744138,722275,884765,934290,1415023,1097558,1004756,700237,580283,608868,972897,712919,1073159,760473,897633
468307,941165,737229,840621,560727,2483374,746123,723613,887227,937651,1423381,1097557,1005548,703818,582021,611059,975754,720365,1086150,764434,898698
469810,937255,740161,840535,563683,2485030,748108,724951,889689,941012,1431739,1098068,1006340,707399,583759,613250,978611,720371,1099141,768395,899763
471313,933345,743093,840449,566639,2486686,750093,726289,892151,944373,1431745,1098579,1007132,710980,585497,615441,981468,723109,1112132,772356,900828
472816,929435,746025,840448,569595,2488342,752078,727627,894613,947734,1433692,1099090,1007924,714561,585485,617632,984325,725847,1125123,776317,901893
474319,925525,748957,843046,572551,2489998,754063,728965,894608,951095,1435639,1099601,1008716,718142,587549,619823,987182,728585,1138114,780278,902958
475822,921615,748961,845644,575507,2491654,756048,730303,900458,954456,1437586,1100112,1009508,721723,589613,622014,990039,731323,1151105,784239,904023
477325,917705,752602,848242,578463,2493310,758033,731641,906308,957817,1439533,1100623,1010300,725304,591677,624205,992896,734061,1164096,788200,905088
478828,913795,756243,850840,581419,2494966,760018,732979,912158,961178,1441480,1101134,1011092,728885,593741,626396,995753,736799,1177087,792161,906153
480331,913798,759884,853438,584375,2496622,762003,734317,918008,964539,1443427,1101645,1011884,732466,595805,628587,998610,739537,1190078,796122,907218
481834,915792,763525,856036,587331,2498278,761994,735655,923858,967900,1445374,1102156,1012676,736047,597869,630778,1001467,742275,1203069,800083,908283
483337,917786,767166,858634,590287,2499934,765151,735660,929708,971261,1447321,1102667,1013468,739628,599933,632969,1004324,745013,1216060,804044,909348
484840,919780,770807,861232,593243,2501590,768308,736134,935558,974622,1449268,1103178,1014260,743209,601997,635160,1007181,747751,1229051,808005,909337
484836,919781,774448,863830,596199,2503246,771465,736608,936258,977983,1451215,1103689,1015052,746790,604061,637351,1010038,750489,1242042,811966,914694
485882,928851,778089,866428,599155,2504902,774622,737082,938676,981344,1453162,1104200,1015844,750371,606125,639542,1012895,753227,1255033,815927,920051
486928,937921,781730,869026,602111,2506558,777779,737556,941094,984705,1453161,1104711,1016636,753952,608189,639542,1015752,755965,1268024,819888,925408
487974,946991,785371,871624,605067,2508214,777780,738030,943512,988066,1453646,1105222,1017428,757533,610253,642728,1018609,758703,1281015,823849,930765
489020,956061,789012,874222,608023,2509870,815885,738504,945930,991427,1454131,1105733,1017422,761114,612317,645914,1021466,761441,1294006,827810,930765
490066,965131,792653,876820,610979,2511526,853990,738978,948348,994788,1454616,1106244,1019027,764695,614381,649100,1024323,764179,1306997,831771,933334
491112,974201,796294,879418,613935,2513182,858526,739452,950766,998149,1455101,1106755,1020632,768276,616445,652286,1027180,766917,1319988,835732,935903
492158,983271,799935,882016,616891,2514838,863062,739926,953184,1001510,1455586,1107266,1022237,771857,618509,655472,1030037,769655,1332979,839693,938472
493204,992341,803576,884614,619847,2516494,867598,740400,955602,1004871,1455586,1107777,1023842,775438,620573,658658,1032894,772393,1345970,843654,941041
494250,1001411,807217,887212,622803,2518150,872134,740874,958020,1008232,1458156,1108288,1025447,779019,622637,661844,1035751,775131,1358961,847615,943610
495296,1010481,810858,889810,625759,2519806,876670,741348,960438,1011593,1460726,1108799,1027052,782600,622645,665030,1038608,777869,1371952,851576,946179
496342,1019551,814499,892408,628715,2521462,881206,741345,962856,1014954,1463296,1109310,1028657,786181,623546,668216,1041465,780607,1384943,855537,948748
497388,1028621,818140,895006,631671,2523118,885742,742964,965274,1018315,1465866,1109821,1030262,789762,624447,671402,1044322,783345,1384967,859498,951317
497407,1037691,821781,897604,634627,2524774,890278,744583,967692,1021676,1468436,1109814,1031867,793343,625348,674588,1047179,786083,1389521,863459,953886
498878,1046761,825422,900202,637583,2524777,890275,746202,970110,1025037,1471006,1111176,1033472,796924,626249,677774,1047171,788821,1394075,867420,956455
500349,1055831,829063,902800,640539,2529973,894270,747821,972528,1028398,1473576,1112538,1035077,800505,627150,680960,1045271,791559,1398629,871381,959024
501820,1064901,829064,905398,643495,2535169,898265,749440,974946,1031759,1476146,1113900,1036682,804086,628051,684146,1043371,794297,1403183,875342,961593
503291,1073971,829766,907996,646451,2540365,902260,751059,977364,1035120,1478716,1115262,1038287,807667,628048,687332,1041471,797035,1407737,879303,964162
504762,1083041,830468,910594,649407,2545561,906255,752678,979782,1038481,1481286,1116624,1039892,811248,628370,690518,1052871,799773,1412291,879286,964158
506233,1092111,831170,913192,652363,2550757,910250,754297,982200,1041842,1483856,1117986,1041497,814829,628692,693704,1053857,802511,1416845,883995,968028
507704,1101181,831872,913198,655319,2555953,914245,755916,984618,1045203,1483854,1119348,1043102,818410,629014,696890,1054843,802510,1421399,888704,971898
509175,1110251,832574,914704,655301,2561149,914247,757535,987036,1048564,1484491,1120710,1043100,821991,629336,700076,1055829,806074,1425953,893413,975768
510646,1119321,833276,916210,659224,2566345,947175,759154,989454,1051925,1485128,1122072,1044902,825572,629658,703262,1056815,809638,1430507,898122,979638
512117,1128391,833978,917716,663147,2571541,980103,760773,991872,1055286,1485765,1123434,1046704,829153,629980,706448,1057801,813202,1435061,902831,983508
513588,1137461,834680,919222,667070,2571537,1013031,762392,994290,1058647,1486402,1124796,1048506,832734,630302,709634,1058787,816766,1439615,907540,987378
513591,1146531,835382,920728,670993,2574734,1045959,764011,996708,1062008,1487039,1126158,1050308,836315,630624,712820,1059773,820330,1444169,912249,991248
520895,1155601,836084,922234,674916,2577931,1078887,765630,999126,1065369,1487676,1127520,1052110,839896,630946,716006,1060759,823894,1448723,916958,995118
528199,1164671,836786,923740,678839,2581128,1111815,767249,1001544,1068730,1488313,1128882,1053912,843477,631272,719192,1061745,827458,1453277,921667,998988
535503,1173741,837488,925246,682762,2584325,1111815,768868,1003962,1068745,1488950,1130244,1055714,847058,637614,722378,1062731,831022,1457831,926376,1002858
542807,1182811,838190,926752,686685,2587522,1112868,770487,1006380,1070335,1489587,1131606,1057516,850639,643956,725564,1063717,834586,1462385,931085,1006728
550111,1191881,838892,928258,690608,2590719,1113921,772106,1008798,1071925,1490224,1132968,1059318,854220,650298,728750,1064703,838150,1466939,935794,1010598
557415,1191871,839594,929764,694531,2593916,1114974,773725,1011216,1073515,1490861,1134330,1061120,857801,656640,731936,1065689,841714,1471493,940503,1014468
564719,1197562,840296,931270,698454,2597113,1116027,775344,1013634,1075105,1491498,1135692,1062922,861382,662982,735122,1065690,845278,1476047,945212,1018338
572023,1203253,840294,932776,702377,2600310,1117080,776963,1016052,1076695,1492135,1137054,1064724,864963,669324,738308,1070555,848842,1480601,949921,1022208
579327,1208944,844047,932780,706300,2603507,1118133,778582,1016038,1078285,1492772,1138416,1066526,868544,675666,741494,1075420,852406,1480610,954630,1026078
586631,1214635,847800,933473,710223,2606704,1119186,780201,1016817,1079875,1493409,1139778,1066528,872125,682008,744680,1080285,855970,1484315,959339,1029948
593935,1220326,851553,934166,714146,2609901,1120239,781820,1017596,1081465,1494046,1141140,1072304,875706,688350,747866,1085150,859534,1488020,964048,1033818
601239,1226017,855306,934859,718069,2613098,1121292,783439,1018375,1083055,1494045,1142502,1078080,879287,694692,751052,1090015,863098,1491725,968757,1037688
608543,1231708,859059,935552,721992,2616295,1122345,785058,1019154,1084645,1499773,1143864,1083856,882868,701034,754238,1094880,866662,1491726,973466,1041558
615847,1237399,862812,936245,725915,2619492,1123398,786677,1019933,1086235,1505501,1145226,1089632,886449,707376,754246,1099745,870226,1494057,978175,1045428
623151,1243090,866565,936938,729838,2622689,1124451,788296,1020712,1087825,1511229,1146588,1095408,890030,713718,758515,1104610,873790,1496388,982884,1049298
630455,1248781,870318,937631,733761,2625886,1125504,789915,1021491,1089415,1516957,1147950,1101184,893611,720060,762784,1109475,877354,1498719,987593,1053168
637759,1254472,874071,938324,737684,2629083,1126557,789916,1022270,1091005,1522685,1149312,1106960,897192,726402,767053,1114340,880918,1501050,992302,1053175
645063,1260163,877824,938325,741607,2632280,1127610,791069,1023049,1092595,1528413,1150674,1112736,900773,732744,771322,1119205,884482,1503381,997011,1054301
652367,1265854,881577,941490,745530,2635477,1128663,792222,1023828,1094185,1534141,1152036,1118512,904354,739086,775591,1124070,888046,1503383,1001720,1055427
659671,1271545,885330,944655,749453,2638674,1129716,793375,1024607,1095775,1539869,1153398,1124288,907935,739085,779860,1128935,891610,1504343,1006429,1056553
666975,1277236,889083,947820,753376,2641871,1130769,794528,1025386,1097365,1539870,1154760,1130064,911516,739666,784129,1133800,895174,1505303,1011138,1057679
674279,1282927,892836,950985,757299,2645068,1131822,795681,1026165,1097360,1539870,1156122,1135840,915097,740247,788398,1138665,895162,1506263,1015847,1058805
681583,1282933,896589,954150,757307,2648265,1132875,796834,1026944,1105537,1541660,1157484,1135834,918678,740828,792667,1143530,896573,1507223,1020556,1059931
688887,1284969,900342,954151,761216,2651462,1133928,797987,1027723,1113714,1543449,1158846,1136175,922259,741409,796936,1148395,897984,1508183,1025265,1061057
696191,1287005,904095,956051,765125,2654659,1134981,799140,1028502,1121891,1544108,1158830,1136516,925840,741990,801205,1153260,899395,1509143,1025258,1062183
703495,1289041,907848,957951,769034,2657856,1136034,800293,1029281,1130068,1544767,1161667,1136857,929421,742571,805474,1158125,900806,1509143,1028191,1063309
710799,1291077,907842,959851,772943,2657857,1136033,801446,1030060,1138245,1545426,1164504,1137198,933002,742571,809743,1162990,902217,1518352,1031124,1064435
718103,1293113,911486,959852,776852,2659463,1153786,802599,1030839,1146422,1546085,1167341,1137539,936583,742847,814012,1167855,903628,1527561,1034057,1065561
725407,1295149,915130,960890,780761,2661069,1171539,803752,1031618,1154599,1546744,1170178,1137880,940164,743123,818281,1172720,905039,1536770,1036990,1066687
732711,1297185,918774,961928,784670,2662675,1189292,804905,1032397,1162776,1547403,1173015,1138221,943745,743399,822550,1177585,906450,1545979,1039923,1067813
740015,1299224,918773,962966,788579,2664281,1207045,806058,1033176,1170953,1548062,1175852,1138562,947326,743675,826819,1182450,907861,1555188,1042856,1068939
747319,1302225,918773,964004,792488,2665887,1224798,807211,1033955,1170954,1548721,1178689,1138903,950907,743951,831088,1187315,909272,1555189,1042855,1070065
754623,1305226,918773,965042,796397,2667493,1242551,808364,1034734,1174746,1549380,1181526,1138906,954488,744227,835357,1192180,910683,1556302,1045034,1071191
761927,1308227,918773,966080,800306,2669099,1260304,809517,1034727,1178538,1550039,1184363,1141244,958069,744503,839626,1197045,912094,1557415,1047213,1072317
769231,1311228,920749,967118,800310,2670705,1278057,810670,1039900,1182330,1550698,1187200,1143582,961650,744505,843895,1201910,913505,1558528,1049392,1073443
776535,1314229,922725,968156,802211,2672311,1295810,810670,1045073,1186122,1551357,1190037,1145920,965231,744505,848164,1206775,914916,1559641,1051571,1074569
783839,1317230,924701,969194,804112,2673917,1313563,819181,1050246,1189914,1552016,1192874,1148258,968812,748271,852433,1211640,916327,1560754,1053750,1074577
791143,1320231,926677,970232,806013,2675523,1331316,827692,1055419,1193706,1552675,1195711,1150596,972393,752037,856702,1216505,917738,1561867,1055929,1076416
798447,1323232,928653,971270,807914,2677129,1349069,836203,1060592,1197498,1553334,1198548,1152934,975974,755803,856703,1221370,919149,1562980,1058108,1078255
805751,1326233,930629,972308,809815,2678735,1366822,844714,1065765,1201290,1553993,1201385,1155272,979555,759569,859224,1226235,920560,1564093,1060287,1080094
813055,1329234,932605,973346,811716,2680341,1384575,853225,1070938,1205082,1554652,1204222,1157610,983136,763335,861745,1231100,921971,1564095,1062466,1081933
820359,1332235,934581,974384,813617,2681947,1402328,861736,1076111,1208874,1554646,1207059,1157610,986717,767101,864266,1235965,923382,1564802,1064645,1083772
827663,1335236,936557,975422,815518,2683553,1402326,870247,1081284,1212666,1556452,1209896,1173946,990298,770867,866787,1240830,924793,1565509,1066824,1085611
834967,1338237,938533,975421,817419,2685159,1403643,878758,1086457,1216458,1558258,1212733,1190282,993879,774633,869308,1245695,926204,1566216,1069003,1087450
842271,1341238,940509,977421,819320,2686765,1404960,878755,1091630,1220250,1560064,1215570,1206618,997460,778399,871829,1250560,927615,1566923,1071182,1089289
849575,1344239,942485,979421,821221,2688371,1406277,878749,1096803,1224042,1561870,1218407,1222954,1001041,782165,874350,1255425,929026,1567630,1073361,1091128
856879,1347240,944461,981421,823122,2689977,1407594,878743,1101976,1227834,1563676,1221244,1239290,1004622,785931,876871,1260290,930437,1568337,1075540,1092967
864183,1350241,946437,983421,823121,2691583,1408911,878737,1107149,1231626,1563677,1224081,1255626,1008203,789697,879392,1265155,931848,1569044,1077719,1094806
871487,1353242,948413,985421,830810,2693189,1410228,878731,1112322,1235418,1570099,1226918,1271962,1011784,793463,881913,1270020,933259,1569047,1079898,1096645
878791,1356243,950389,987421,838499,2694795,1411545,878725,1117495,1239210,1576521,1229755,1288298,1015365,797229,884434,1270015,934670,1589095,1082077,1098484
886095,1359244,952365,989421,846188,2696401,1412862,878719,1122668,1243002,1582943,1232592,1304634,1018946,800995,886955,1272467,936081,1609143,1082071,1100323
893399,1362245,954341,991421,853877,2698007,1414179,878713,1127841,1243002,1589365,1235429,1320970,1022527,804761,889476,1274919,937492,1629191,1084165,1102162
900703,1365246,956317,993421,861566,2699613,1415496,878707,1133014,1243278,1595787,1238266,1337306,1026108,808527,891997,1277371,938903,1649239,1086259,1104001
908007,1368247,958293,995421,869255,2701219,1416813,878701,1133010,1243554,1602209,1241103,1353642,1029689,812293,894518,1279823,940314,1669287,1088353,1105840
915311,1371248,960269,997421,876944,2702825,1418130,878695,1137381,1243830,1608631,1243940,1369978,1033270,816059,897039,1282275,941725,1689335,1090447,1107679
922615,1374249,960271,999421,884633,2704431,1419447,878689,1141752,1243831,1615053,1246777,1386314,1036851,819825,899560,1284727,943136,1689332,1092541,1109518
929919,1377250,962169,1001421,892322,2706037,1420764,878683,1146123,1244837,1615056,1246776,1402650,1040432,823591,902081,1287179,944547,1695784,1094635,1111357
937223,1380251,964067,1003421,900011,2706029,1422081,878677,1150494,1245843,1617317,1251697,1418986,1044013,827357,904602,1289631,945958,1702236,1096729,1113196
944527,1383252,965965,1005421,907700,2708572,1423398,878671,1154865,1246849,1619578,1256618,1435322,1047594,831123,907123,1292083,947369,1708688,1098823,1115035
951831,1386253,967863,1007421,915389,2711115,1424715,878665,1159236,1247855,1621839,1261539,1451658,1051175,834889,909644,1294535,948780,1715140,1100917,1116874
959135,1386242,969761,1009421,923078,2713658,1426032,878659,1163607,1248861,1624100,1266460,1467994,1054756,838655,912165,1296987,950191,1721592,1103011,1118713
966439,1389455,971659,1011421,923080,2716201,1427349,878653,1167978,1249867,1626361,1271381,1484330,1058337,842421,914686,1299439,951602,1728044,1105105,1120552
973743,1392668,973557,1013421,921584,2718744,1428666,878647,1172349,1250873,1628622,1276302,1500666,1061918,846187,914692,1301891,953013,1734496,1107199,1122391
981047,1395881,975455,1015421,920088,2721287,1429983,878641,1176720,1251879,1630883,1276302,1517002,1065499,849953,918107,1304343,954424,1734496,1109293,1124230
988351,1399094,977353,1017421,921836,2723830,1431300,878635,1181091,1252885,1633144,1276396,1533338,1069080,853719,921522,1306795,955835,1735760,1111387,1126069
995655,1402307,979251,1019421,923584,2726373,1432617,878628,1185462,1253891,1633141,1276490,1549674,1072661,857485,924937,1309247,957246,1737024,1113481,1127908
1002959,1405520,979254,1021421,925332,2728916,1433934,914797,1189833,1253894,1636307,1276584,1549685,1076242,861251,928352,1311699,958657,1738288,1115575,1129747
1010263,1408733,983992,1023421,927080,2731459,1435251,950966,1194204,1255061,1638724,1276678,1576541,1079823,865017,931767,1314151,960068,1739552,1117669,1131586
1017567,1408730,988730,1025421,928828,2734002,1436568,987135,1198575,1256228,1641141,1276772,1603397,1083404,868783,935182,1316603,961479,1740816,1119763,1133425
1024871,1408870,993468,1027421,930576,2736545,1437885,1023304,1202946,1257395,1643558,1276866,1630253,1086985,872549,938597,1319055,961458,1742080,1121857,1135264
1032175,1409010,998206,1029421,932324,2739088,1439202,1059473,1207317,1258562,1643557,1276960,1657109,1090566,876315,942012,1321507,984598,1743344,1123951,1137103
1039479,1409150,1002944,1031421,934072,2741631,1440519,1095642,1211688,1259729,1646029,1276963,1683965,1094147,880081,945427,1323959,1007738,1744608,1126045,1137089
1046783,1409290,1007682,1033421,935820,2744174,1441836,1131811,1216059,1260896,1648501,1323218,1710821,1097728,883847,948842,1326411,1030878,1745872,1128139,1138158
1054087,1409430,1012420,1035421,937568,2746717,1443153,1167980,1216057,1262063,1650973,1369473,1737677,1101309,887613,948841,1328863,1054018,1747136,1130233,1139227
1061391,1409570,1017158,1037421,939316,2749260,1443145,1204149,1222584,1263230,1650974,1415728,1764533,1104890,891379,957119,1331315,1077158,1748400,1132327,1140296
1068695,1409710,1021896,1039421,941064,2751803,1473052,1240318,1229111,1264397,1689579,1461983,1791389,1108471,891395,965397,1331316,1100298,1749664,1134421,1141365
1075999,1409850,1021899,1041421,941062,2754346,1502959,1276487,1229110,1265564,1728184,1508238,1818245,1112052,916043,973675,1336781,1123438,1749661,1136515,1142434
1083303,1409990,1128849,1041411,983799,2756889,1532866,1312656,1352735,1266731,1766789,1554493,1818240,1115633,940691,981953,1336781,1146578,1759951,1138609,1143503
1090607,1410130,1235799,1043414,1026536,2756889,1562773,1348825,1476360,1267898,1805394,1600748,2115620,1119214,965339,990231,1336781,1169718,1849976,1138608,1144572
1097911,1410131,1342749,1101753,1069273,2927296,1592680,1384994,1599985,1267897,1843999,1647003,2413000,1122795,989987,990231,1336781,1192858,1940001,1187660,1144573
1097882,1726577,1342748,1160091,1069274,3097702,1592680,1385000,1600045,1345000,1844000,1647000,2413000,1122839,989987,1420000,1926000,1192856,1940000,1236711,1282256
